"Eastern Date Hour","Eastern Date Hour Time Zone","Zone Name","Zone PTID","DAM Zonal LBMP","DAM Zonal Losses","DAM Zonal Congestion","DAM Zonal Price Version"
"2025/04/07 00:00:00","EDT","CAPITL","61757","47.32","1.11","0","1"
"2025/04/07 00:00:00","EDT","CENTRL","61754","46.86","0.65","0","1"
"2025/04/07 00:00:00","EDT","DUNWOD","61760","47.93","1.71","0","1"
"2025/04/07 00:00:00","EDT","GENESE","61753","46.58","0.37","0","1"
"2025/04/07 00:00:00","EDT","H Q","61844","46.12","-0.09","0","1"
"2025/04/07 00:00:00","EDT","HUD VL","61758","47.37","1.16","0","1"
"2025/04/07 00:00:00","EDT","LONGIL","61762","48.02","1.8","0","1"
"2025/04/07 00:00:00","EDT","MHK VL","61756","47.37","1.16","0","1"
"2025/04/07 00:00:00","EDT","MILLWD","61759","47.6","1.39","0","1"
"2025/04/07 00:00:00","EDT","N.Y.C.","61761","49.39","1.99","-1.19","1"
"2025/04/07 00:00:00","EDT","NORTH","61755","46.77","0.56","0","1"
"2025/04/07 00:00:00","EDT","NPX","61845","47","0.78","0","1"
"2025/04/07 00:00:00","EDT","O H","61846","46.63","0.42","0","1"
"2025/04/07 00:00:00","EDT","PJM","61847","46.91","0.69","0","1"
"2025/04/07 00:00:00","EDT","WEST","61752","47.6","1.39","0","1"
"2025/04/07 01:00:00","EDT","CAPITL","61757","42.99","1.01","0","1"
"2025/04/07 01:00:00","EDT","CENTRL","61754","42.53","0.54","0","1"
"2025/04/07 01:00:00","EDT","DUNWOD","61760","43.5","1.51","0","1"
"2025/04/07 01:00:00","EDT","GENESE","61753","42.24","0.25","0","1"
"2025/04/07 01:00:00","EDT","H Q","61844","41.9","-0.08","0","1"
"2025/04/07 01:00:00","EDT","HUD VL","61758","43.04","1.05","0","1"
"2025/04/07 01:00:00","EDT","LONGIL","61762","43.37","1.38","0","1"
"2025/04/07 01:00:00","EDT","MHK VL","61756","43.12","1.13","0","1"
"2025/04/07 01:00:00","EDT","MILLWD","61759","43.25","1.26","0","1"
"2025/04/07 01:00:00","EDT","N.Y.C.","61761","45.5","1.76","-1.75","1"
"2025/04/07 01:00:00","EDT","NORTH","61755","42.53","0.54","0","1"
"2025/04/07 01:00:00","EDT","NPX","61845","42.7","0.71","0","1"
"2025/04/07 01:00:00","EDT","O H","61846","42.03","0.04","0","1"
"2025/04/07 01:00:00","EDT","PJM","61847","42.49","0.51","0","1"
"2025/04/07 01:00:00","EDT","WEST","61752","42.95","0.97","0","1"
"2025/04/07 02:00:00","EDT","CAPITL","61757","42.1","0.99","0","1"
"2025/04/07 02:00:00","EDT","CENTRL","61754","41.73","0.62","0","1"
"2025/04/07 02:00:00","EDT","DUNWOD","61760","42.43","1.32","0","1"
"2025/04/07 02:00:00","EDT","GENESE","61753","41.44","0.33","0","1"
"2025/04/07 02:00:00","EDT","H Q","61844","41.03","-0.08","0","1"
"2025/04/07 02:00:00","EDT","HUD VL","61758","42.06","0.95","0","1"
"2025/04/07 02:00:00","EDT","LONGIL","61762","42.14","1.03","0","1"
"2025/04/07 02:00:00","EDT","MHK VL","61756","42.18","1.07","0","1"
"2025/04/07 02:00:00","EDT","MILLWD","61759","42.22","1.11","0","1"
"2025/04/07 02:00:00","EDT","N.Y.C.","61761","44.55","1.52","-1.92","1"
"2025/04/07 02:00:00","EDT","NORTH","61755","41.61","0.5","0","1"
"2025/04/07 02:00:00","EDT","NPX","61845","41.73","0.62","0","1"
"2025/04/07 02:00:00","EDT","O H","61846","41.48","0.37","0","1"
"2025/04/07 02:00:00","EDT","PJM","61847","41.64","0.53","0","1"
"2025/04/07 02:00:00","EDT","WEST","61752","42.3","1.19","0","1"
"2025/04/07 03:00:00","EDT","CAPITL","61757","40.84","0.96","0","1"
"2025/04/07 03:00:00","EDT","CENTRL","61754","40.4","0.52","0","1"
"2025/04/07 03:00:00","EDT","DUNWOD","61760","41.08","1.2","0","1"
"2025/04/07 03:00:00","EDT","GENESE","61753","40.2","0.32","0","1"
"2025/04/07 03:00:00","EDT","H Q","61844","39.84","-0.04","0","1"
"2025/04/07 03:00:00","EDT","HUD VL","61758","40.72","0.84","0","1"
"2025/04/07 03:00:00","EDT","LONGIL","61762","40.6","0.72","0","1"
"2025/04/07 03:00:00","EDT","MHK VL","61756","41","1.12","0","1"
"2025/04/07 03:00:00","EDT","MILLWD","61759","40.96","1.08","0","1"
"2025/04/07 03:00:00","EDT","N.Y.C.","61761","41.24","1.36","0","1"
"2025/04/07 03:00:00","EDT","NORTH","61755","40.44","0.56","0","1"
"2025/04/07 03:00:00","EDT","NPX","61845","40.48","0.6","0","1"
"2025/04/07 03:00:00","EDT","O H","61846","40.24","0.36","0","1"
"2025/04/07 03:00:00","EDT","PJM","61847","40.36","0.48","0","1"
"2025/04/07 03:00:00","EDT","WEST","61752","41.04","1.16","0","1"
"2025/04/07 04:00:00","EDT","CAPITL","61757","42.4","1.07","0","1"
"2025/04/07 04:00:00","EDT","CENTRL","61754","41.91","0.58","0","1"
"2025/04/07 04:00:00","EDT","DUNWOD","61760","42.53","1.2","0","1"
"2025/04/07 04:00:00","EDT","GENESE","61753","41.7","0.37","0","1"
"2025/04/07 04:00:00","EDT","H Q","61844","41.29","-0.04","0","1"
"2025/04/07 04:00:00","EDT","HUD VL","61758","42.2","0.87","0","1"
"2025/04/07 04:00:00","EDT","LONGIL","61762","42.11","0.78","0","1"
"2025/04/07 04:00:00","EDT","MHK VL","61756","42.57","1.24","0","1"
"2025/04/07 04:00:00","EDT","MILLWD","61759","42.36","1.03","0","1"
"2025/04/07 04:00:00","EDT","N.Y.C.","61761","42.66","1.32","-0.01","1"
"2025/04/07 04:00:00","EDT","NORTH","61755","41.95","0.62","0","1"
"2025/04/07 04:00:00","EDT","NPX","61845","41.91","0.58","0","1"
"2025/04/07 04:00:00","EDT","O H","61846","41.7","0.37","0","1"
"2025/04/07 04:00:00","EDT","PJM","61847","41.83","0.5","0","1"
"2025/04/07 04:00:00","EDT","WEST","61752","42.57","1.24","0","1"
"2025/04/07 05:00:00","EDT","CAPITL","61757","47.42","1.25","0","1"
"2025/04/07 05:00:00","EDT","CENTRL","61754","46.72","0.56","0","1"
"2025/04/07 05:00:00","EDT","DUNWOD","61760","47.83","1.66","0","1"
"2025/04/07 05:00:00","EDT","GENESE","61753","46.4","0.23","0","1"
"2025/04/07 05:00:00","EDT","H Q","61844","46.12","-0.05","0","1"
"2025/04/07 05:00:00","EDT","HUD VL","61758","47.37","1.2","0","1"
"2025/04/07 05:00:00","EDT","LONGIL","61762","47.69","1.52","0","1"
"2025/04/07 05:00:00","EDT","MHK VL","61756","47.65","1.48","0","1"
"2025/04/07 05:00:00","EDT","MILLWD","61759","47.6","1.43","0","1"
"2025/04/07 05:00:00","EDT","N.Y.C.","61761","49.27","1.89","-1.21","1"
"2025/04/07 05:00:00","EDT","NORTH","61755","46.95","0.78","0","1"
"2025/04/07 05:00:00","EDT","NPX","61845","47","0.83","0","1"
"2025/04/07 05:00:00","EDT","O H","61846","45.89","-0.28","0","1"
"2025/04/07 05:00:00","EDT","PJM","61847","46.58","0.41","0","1"
"2025/04/07 05:00:00","EDT","WEST","61752","46.86","0.69","0","1"
"2025/04/07 06:00:00","EDT","CAPITL","61757","59.65","1.8","0","1"
"2025/04/07 06:00:00","EDT","CENTRL","61754","58.6","0.75","0","1"
"2025/04/07 06:00:00","EDT","DUNWOD","61760","60.28","2.43","0","1"
"2025/04/07 06:00:00","EDT","GENESE","61753","57.8","-0.06","0","1"
"2025/04/07 06:00:00","EDT","H Q","61844","57.62","-0.23","0","1"
"2025/04/07 06:00:00","EDT","HUD VL","61758","59.65","1.8","0","1"
"2025/04/07 06:00:00","EDT","LONGIL","61762","59.3","1.45","0","1"
"2025/04/07 06:00:00","EDT","MHK VL","61756","59.93","2.08","0","1"
"2025/04/07 06:00:00","EDT","MILLWD","61759","59.99","2.14","0","1"
"2025/04/07 06:00:00","EDT","N.Y.C.","61761","60.52","2.66","0","1"
"2025/04/07 06:00:00","EDT","NORTH","61755","58.43","0.58","0","1"
"2025/04/07 06:00:00","EDT","NPX","61845","58.78","0.92","0","1"
"2025/04/07 06:00:00","EDT","O H","61846","56.46","-1.39","0","1"
"2025/04/07 06:00:00","EDT","PJM","61847","58.31","0.46","0","1"
"2025/04/07 06:00:00","EDT","WEST","61752","57.8","-0.06","0","1"
"2025/04/07 07:00:00","EDT","CAPITL","61757","67.57","2.03","0","1"
"2025/04/07 07:00:00","EDT","CENTRL","61754","66.2","0.66","0","1"
"2025/04/07 07:00:00","EDT","DUNWOD","61760","68.82","3.28","0","1"
"2025/04/07 07:00:00","EDT","GENESE","61753","64.89","-0.66","0","1"
"2025/04/07 07:00:00","EDT","H Q","61844","65.28","-0.26","0","1"
"2025/04/07 07:00:00","EDT","HUD VL","61758","67.83","2.29","0","1"
"2025/04/07 07:00:00","EDT","LONGIL","61762","67.83","2.29","0","1"
"2025/04/07 07:00:00","EDT","MHK VL","61756","68.09","2.55","0","1"
"2025/04/07 07:00:00","EDT","MILLWD","61759","68.36","2.82","0","1"
"2025/04/07 07:00:00","EDT","N.Y.C.","61761","69.21","3.67","0","1"
"2025/04/07 07:00:00","EDT","NORTH","61755","65.94","0.4","0","1"
"2025/04/07 07:00:00","EDT","NPX","61845","66.72","1.18","0","1"
"2025/04/07 07:00:00","EDT","O H","61846","62.4","-3.14","0","1"
"2025/04/07 07:00:00","EDT","PJM","61847","65.87","0.33","0","1"
"2025/04/07 07:00:00","EDT","WEST","61752","64.1","-1.44","0","1"
"2025/04/07 08:00:00","EDT","CAPITL","61757","62.06","1.81","0","1"
"2025/04/07 08:00:00","EDT","CENTRL","61754","60.74","0.48","0","1"
"2025/04/07 08:00:00","EDT","DUNWOD","61760","63.33","3.07","0","1"
"2025/04/07 08:00:00","EDT","GENESE","61753","59.84","-0.42","0","1"
"2025/04/07 08:00:00","EDT","H Q","61844","59.96","-0.3","0","1"
"2025/04/07 08:00:00","EDT","HUD VL","61758","62.49","2.23","0","1"
"2025/04/07 08:00:00","EDT","LONGIL","61762","62.79","2.53","0","1"
"2025/04/07 08:00:00","EDT","MHK VL","61756","62.31","2.05","0","1"
"2025/04/07 08:00:00","EDT","MILLWD","61759","62.97","2.71","0","1"
"2025/04/07 08:00:00","EDT","N.Y.C.","61761","63.69","3.43","0","1"
"2025/04/07 08:00:00","EDT","NORTH","61755","60.5","0.24","0","1"
"2025/04/07 08:00:00","EDT","NPX","61845","61.4","1.14","0","1"
"2025/04/07 08:00:00","EDT","O H","61846","57.97","-2.29","0","1"
"2025/04/07 08:00:00","EDT","PJM","61847","60.62","0.36","0","1"
"2025/04/07 08:00:00","EDT","WEST","61752","59.36","-0.9","0","1"
"2025/04/07 09:00:00","EDT","CAPITL","61757","60.3","1.7","0","1"
"2025/04/07 09:00:00","EDT","CENTRL","61754","58.6","0","0","1"
"2025/04/07 09:00:00","EDT","DUNWOD","61760","61.93","3.34","0","1"
"2025/04/07 09:00:00","EDT","GENESE","61753","57.66","-0.94","0","1"
"2025/04/07 09:00:00","EDT","H Q","61844","58.36","-0.23","0","1"
"2025/04/07 09:00:00","EDT","HUD VL","61758","61","2.4","0","1"
"2025/04/07 09:00:00","EDT","LONGIL","61762","60.94","2.35","0","1"
"2025/04/07 09:00:00","EDT","MHK VL","61756","60.23","1.64","0","1"
"2025/04/07 09:00:00","EDT","MILLWD","61759","61.52","2.93","0","1"
"2025/04/07 09:00:00","EDT","N.Y.C.","61761","64.52","3.81","-2.12","1"
"2025/04/07 09:00:00","EDT","NORTH","61755","58.95","0.35","0","1"
"2025/04/07 09:00:00","EDT","NPX","61845","60","1.4","0","1"
"2025/04/07 09:00:00","EDT","O H","61846","55.61","-2.99","0","1"
"2025/04/07 09:00:00","EDT","PJM","61847","58.77","0.18","0","1"
"2025/04/07 09:00:00","EDT","WEST","61752","56.89","-1.7","0","1"
"2025/04/07 10:00:00","EDT","CAPITL","61757","57.88","1.52","0","1"
"2025/04/07 10:00:00","EDT","CENTRL","61754","56.19","-0.17","0","1"
"2025/04/07 10:00:00","EDT","DUNWOD","61760","59.68","3.32","0","1"
"2025/04/07 10:00:00","EDT","GENESE","61753","55.11","-1.24","0","1"
"2025/04/07 10:00:00","EDT","H Q","61844","56.19","-0.17","0","1"
"2025/04/07 10:00:00","EDT","HUD VL","61758","58.67","2.31","0","1"
"2025/04/07 10:00:00","EDT","LONGIL","61762","59.06","2.7","0","1"
"2025/04/07 10:00:00","EDT","MHK VL","61756","57.76","1.41","0","1"
"2025/04/07 10:00:00","EDT","MILLWD","61759","59.23","2.87","0","1"
"2025/04/07 10:00:00","EDT","N.Y.C.","61761","60.69","3.78","-0.56","1"
"2025/04/07 10:00:00","EDT","NORTH","61755","56.86","0.51","0","1"
"2025/04/07 10:00:00","EDT","NPX","61845","57.82","1.46","0","1"
"2025/04/07 10:00:00","EDT","O H","61846","53.31","-3.04","0","1"
"2025/04/07 10:00:00","EDT","PJM","61847","56.41","0.06","0","1"
"2025/04/07 10:00:00","EDT","WEST","61752","54.38","-1.97","0","1"
"2025/04/07 11:00:00","EDT","CAPITL","61757","54.25","1.43","0","1"
"2025/04/07 11:00:00","EDT","CENTRL","61754","52.51","-0.32","0","1"
"2025/04/07 11:00:00","EDT","DUNWOD","61760","56.26","3.43","0","1"
"2025/04/07 11:00:00","EDT","GENESE","61753","51.35","-1.48","0","1"
"2025/04/07 11:00:00","EDT","H Q","61844","52.62","-0.21","0","1"
"2025/04/07 11:00:00","EDT","HUD VL","61758","55.21","2.38","0","1"
"2025/04/07 11:00:00","EDT","LONGIL","61762","55.95","3.12","-0.01","1"
"2025/04/07 11:00:00","EDT","MHK VL","61756","54.04","1.22","0","1"
"2025/04/07 11:00:00","EDT","MILLWD","61759","55.73","2.9","0","1"
"2025/04/07 11:00:00","EDT","N.Y.C.","61761","61.92","3.85","-5.24","1"
"2025/04/07 11:00:00","EDT","NORTH","61755","53.15","0.32","0","1"
"2025/04/07 11:00:00","EDT","NPX","61845","54.36","1.53","0","1"
"2025/04/07 11:00:00","EDT","O H","61846","49.87","-2.96","0","1"
"2025/04/07 11:00:00","EDT","PJM","61847","52.93","0.11","0","1"
"2025/04/07 11:00:00","EDT","WEST","61752","50.87","-1.95","0","1"
"2025/04/07 12:00:00","EDT","CAPITL","61757","51.51","1.26","0","1"
"2025/04/07 12:00:00","EDT","CENTRL","61754","50.11","-0.15","0","1"
"2025/04/07 12:00:00","EDT","DUNWOD","61760","53.37","3.12","0","1"
"2025/04/07 12:00:00","EDT","GENESE","61753","49.3","-0.96","0","1"
"2025/04/07 12:00:00","EDT","H Q","61844","50.11","-0.15","0","1"
"2025/04/07 12:00:00","EDT","HUD VL","61758","52.42","2.16","0","1"
"2025/04/07 12:00:00","EDT","LONGIL","61762","54.73","2.81","-1.67","1"
"2025/04/07 12:00:00","EDT","MHK VL","61756","51.46","1.2","0","1"
"2025/04/07 12:00:00","EDT","MILLWD","61759","52.92","2.66","0","1"
"2025/04/07 12:00:00","EDT","N.Y.C.","61761","56.99","3.52","-3.22","1"
"2025/04/07 12:00:00","EDT","NORTH","61755","50.71","0.45","0","1"
"2025/04/07 12:00:00","EDT","NPX","61845","51.46","1.2","0","1"
"2025/04/07 12:00:00","EDT","O H","61846","48.05","-2.21","0","1"
"2025/04/07 12:00:00","EDT","PJM","61847","50.51","0.25","0","1"
"2025/04/07 12:00:00","EDT","WEST","61752","48.9","-1.35","0","1"
"2025/04/07 13:00:00","EDT","CAPITL","61757","49.95","1.17","0","1"
"2025/04/07 13:00:00","EDT","CENTRL","61754","48.49","-0.29","0","1"
"2025/04/07 13:00:00","EDT","DUNWOD","61760","51.95","3.17","0","1"
"2025/04/07 13:00:00","EDT","GENESE","61753","47.71","-1.07","0","1"
"2025/04/07 13:00:00","EDT","H Q","61844","48.63","-0.15","0","1"
"2025/04/07 13:00:00","EDT","HUD VL","61758","50.98","2.2","0","1"
"2025/04/07 13:00:00","EDT","LONGIL","61762","55.13","2.93","-3.42","1"
"2025/04/07 13:00:00","EDT","MHK VL","61756","49.9","1.12","0","1"
"2025/04/07 13:00:00","EDT","MILLWD","61759","51.51","2.73","0","1"
"2025/04/07 13:00:00","EDT","N.Y.C.","61761","59.45","3.56","-7.11","1"
"2025/04/07 13:00:00","EDT","NORTH","61755","49.27","0.49","0","1"
"2025/04/07 13:00:00","EDT","NPX","61845","50","1.22","0","1"
"2025/04/07 13:00:00","EDT","O H","61846","46.05","-2.73","0","1"
"2025/04/07 13:00:00","EDT","PJM","61847","48.83","0.05","0","1"
"2025/04/07 13:00:00","EDT","WEST","61752","46.88","-1.9","0","1"
"2025/04/07 14:00:00","EDT","CAPITL","61757","50.62","1.18","0","1"
"2025/04/07 14:00:00","EDT","CENTRL","61754","49.18","-0.25","0","1"
"2025/04/07 14:00:00","EDT","DUNWOD","61760","52.69","3.26","0","1"
"2025/04/07 14:00:00","EDT","GENESE","61753","48.39","-1.04","0","1"
"2025/04/07 14:00:00","EDT","H Q","61844","49.28","-0.15","0","1"
"2025/04/07 14:00:00","EDT","HUD VL","61758","51.75","2.32","0","1"
"2025/04/07 14:00:00","EDT","LONGIL","61762","57.08","3.07","-4.58","1"
"2025/04/07 14:00:00","EDT","MHK VL","61756","50.57","1.14","0","1"
"2025/04/07 14:00:00","EDT","MILLWD","61759","52.3","2.87","0","1"
"2025/04/07 14:00:00","EDT","N.Y.C.","61761","60","3.66","-6.91","1"
"2025/04/07 14:00:00","EDT","NORTH","61755","49.82","0.39","0","1"
"2025/04/07 14:00:00","EDT","NPX","61845","50.71","1.28","0","1"
"2025/04/07 14:00:00","EDT","O H","61846","46.91","-2.52","0","1"
"2025/04/07 14:00:00","EDT","PJM","61847","49.58","0.15","0","1"
"2025/04/07 14:00:00","EDT","WEST","61752","47.7","-1.73","0","1"
"2025/04/07 15:00:00","EDT","CAPITL","61757","51.63","1.31","0","1"
"2025/04/07 15:00:00","EDT","CENTRL","61754","50.07","-0.25","0","1"
"2025/04/07 15:00:00","EDT","DUNWOD","61760","53.59","3.27","0","1"
"2025/04/07 15:00:00","EDT","GENESE","61753","49.36","-0.96","0","1"
"2025/04/07 15:00:00","EDT","H Q","61844","50.12","-0.2","0","1"
"2025/04/07 15:00:00","EDT","HUD VL","61758","52.64","2.32","0","1"
"2025/04/07 15:00:00","EDT","LONGIL","61762","58.12","3.07","-4.73","1"
"2025/04/07 15:00:00","EDT","MHK VL","61756","51.48","1.16","0","1"
"2025/04/07 15:00:00","EDT","MILLWD","61759","53.19","2.87","0","1"
"2025/04/07 15:00:00","EDT","N.Y.C.","61761","60.43","3.67","-6.44","1"
"2025/04/07 15:00:00","EDT","NORTH","61755","50.72","0.4","0","1"
"2025/04/07 15:00:00","EDT","NPX","61845","51.58","1.26","0","1"
"2025/04/07 15:00:00","EDT","O H","61846","47.81","-2.51","0","1"
"2025/04/07 15:00:00","EDT","PJM","61847","50.47","0.15","0","1"
"2025/04/07 15:00:00","EDT","WEST","61752","48.61","-1.71","0","1"
"2025/04/07 16:00:00","EDT","CAPITL","61757","52.68","1.53","0","1"
"2025/04/07 16:00:00","EDT","CENTRL","61754","50.74","-0.41","0","1"
"2025/04/07 16:00:00","EDT","DUNWOD","61760","54.63","3.48","0","1"
"2025/04/07 16:00:00","EDT","GENESE","61753","49.46","-1.69","0","1"
"2025/04/07 16:00:00","EDT","H Q","61844","50.95","-0.2","0","1"
"2025/04/07 16:00:00","EDT","HUD VL","61758","53.71","2.56","0","1"
"2025/04/07 16:00:00","EDT","LONGIL","61762","60.2","3.32","-5.73","1"
"2025/04/07 16:00:00","EDT","MHK VL","61756","52.28","1.12","0","1"
"2025/04/07 16:00:00","EDT","MILLWD","61759","54.27","3.12","0","1"
"2025/04/07 16:00:00","EDT","N.Y.C.","61761","61.81","3.94","-6.72","1"
"2025/04/07 16:00:00","EDT","NORTH","61755","51.51","0.36","0","1"
"2025/04/07 16:00:00","EDT","NPX","61845","52.64","1.48","0","1"
"2025/04/07 16:00:00","EDT","O H","61846","47.52","-3.63","0","1"
"2025/04/07 16:00:00","EDT","PJM","61847","51.05","-0.1","0","1"
"2025/04/07 16:00:00","EDT","WEST","61752","48.29","-2.86","0","1"
"2025/04/07 17:00:00","EDT","CAPITL","61757","57.87","1.9","0","1"
"2025/04/07 17:00:00","EDT","CENTRL","61754","55.41","-0.56","0","1"
"2025/04/07 17:00:00","EDT","DUNWOD","61760","59.78","3.81","0","1"
"2025/04/07 17:00:00","EDT","GENESE","61753","53.84","-2.13","0","1"
"2025/04/07 17:00:00","EDT","H Q","61844","55.75","-0.22","0","1"
"2025/04/07 17:00:00","EDT","HUD VL","61758","58.82","2.85","0","1"
"2025/04/07 17:00:00","EDT","LONGIL","61762","63.54","3.69","-3.88","1"
"2025/04/07 17:00:00","EDT","MHK VL","61756","57.31","1.34","0","1"
"2025/04/07 17:00:00","EDT","MILLWD","61759","59.33","3.36","0","1"
"2025/04/07 17:00:00","EDT","N.Y.C.","61761","66.05","4.25","-5.83","1"
"2025/04/07 17:00:00","EDT","NORTH","61755","56.53","0.56","0","1"
"2025/04/07 17:00:00","EDT","NPX","61845","57.71","1.74","0","1"
"2025/04/07 17:00:00","EDT","O H","61846","51.1","-4.87","0","1"
"2025/04/07 17:00:00","EDT","PJM","61847","55.58","-0.39","0","1"
"2025/04/07 17:00:00","EDT","WEST","61752","51.94","-4.03","0","1"
"2025/04/07 18:00:00","EDT","CAPITL","61757","63.49","2.27","0","1"
"2025/04/07 18:00:00","EDT","CENTRL","61754","60.86","-0.37","0","1"
"2025/04/07 18:00:00","EDT","DUNWOD","61760","65.32","4.1","0","1"
"2025/04/07 18:00:00","EDT","GENESE","61753","58.96","-2.26","0","1"
"2025/04/07 18:00:00","EDT","H Q","61844","60.79","-0.43","0","1"
"2025/04/07 18:00:00","EDT","HUD VL","61758","64.28","3.06","0","1"
"2025/04/07 18:00:00","EDT","LONGIL","61762","65.73","3.98","-0.53","1"
"2025/04/07 18:00:00","EDT","MHK VL","61756","62.87","1.65","0","1"
"2025/04/07 18:00:00","EDT","MILLWD","61759","64.83","3.61","0","1"
"2025/04/07 18:00:00","EDT","N.Y.C.","61761","71.31","4.53","-5.56","1"
"2025/04/07 18:00:00","EDT","NORTH","61755","61.16","-0.06","0","1"
"2025/04/07 18:00:00","EDT","NPX","61845","63.06","1.83","0","1"
"2025/04/07 18:00:00","EDT","O H","61846","55.77","-5.45","0","1"
"2025/04/07 18:00:00","EDT","PJM","61847","60.79","-0.43","0","1"
"2025/04/07 18:00:00","EDT","WEST","61752","56.75","-4.47","0","1"
"2025/04/07 19:00:00","EDT","CAPITL","61757","71.7","2.56","0","1"
"2025/04/07 19:00:00","EDT","CENTRL","61754","68.93","-0.21","0","1"
"2025/04/07 19:00:00","EDT","DUNWOD","61760","73.84","4.7","0","1"
"2025/04/07 19:00:00","EDT","GENESE","61753","66.86","-2.28","0","1"
"2025/04/07 19:00:00","EDT","H Q","61844","68.58","-0.56","0","1"
"2025/04/07 19:00:00","EDT","HUD VL","61758","72.59","3.46","0","1"
"2025/04/07 19:00:00","EDT","LONGIL","61762","73.64","4.49","-0.01","1"
"2025/04/07 19:00:00","EDT","MHK VL","61756","71.28","2.15","0","1"
"2025/04/07 19:00:00","EDT","MILLWD","61759","73.28","4.15","0","1"
"2025/04/07 19:00:00","EDT","N.Y.C.","61761","77.97","5.19","-3.64","1"
"2025/04/07 19:00:00","EDT","NORTH","61755","68.93","-0.21","0","1"
"2025/04/07 19:00:00","EDT","NPX","61845","71.14","2.01","0","1"
"2025/04/07 19:00:00","EDT","O H","61846","63.33","-5.81","0","1"
"2025/04/07 19:00:00","EDT","PJM","61847","68.86","-0.28","0","1"
"2025/04/07 19:00:00","EDT","WEST","61752","64.43","-4.7","0","1"
"2025/04/07 20:00:00","EDT","CAPITL","61757","64.21","2.41","0","1"
"2025/04/07 20:00:00","EDT","CENTRL","61754","61.49","-0.31","0","1"
"2025/04/07 20:00:00","EDT","DUNWOD","61760","66.13","4.32","0","1"
"2025/04/07 20:00:00","EDT","GENESE","61753","59.89","-1.92","0","1"
"2025/04/07 20:00:00","EDT","H Q","61844","61.31","-0.5","0","1"
"2025/04/07 20:00:00","EDT","HUD VL","61758","64.95","3.15","0","1"
"2025/04/07 20:00:00","EDT","LONGIL","61762","65.95","4.14","-0.01","1"
"2025/04/07 20:00:00","EDT","MHK VL","61756","63.6","1.79","0","1"
"2025/04/07 20:00:00","EDT","MILLWD","61759","65.57","3.77","0","1"
"2025/04/07 20:00:00","EDT","N.Y.C.","61761","72","4.76","-5.44","1"
"2025/04/07 20:00:00","EDT","NORTH","61755","61.56","-0.25","0","1"
"2025/04/07 20:00:00","EDT","NPX","61845","63.72","1.92","0","1"
"2025/04/07 20:00:00","EDT","O H","61846","56.74","-5.07","0","1"
"2025/04/07 20:00:00","EDT","PJM","61847","61.56","-0.25","0","1"
"2025/04/07 20:00:00","EDT","WEST","61752","57.6","-4.2","0","1"
"2025/04/07 21:00:00","EDT","CAPITL","61757","55.9","1.78","0","1"
"2025/04/07 21:00:00","EDT","CENTRL","61754","53.85","-0.27","0","1"
"2025/04/07 21:00:00","EDT","DUNWOD","61760","57.58","3.47","0","1"
"2025/04/07 21:00:00","EDT","GENESE","61753","52.44","-1.68","0","1"
"2025/04/07 21:00:00","EDT","H Q","61844","53.79","-0.32","0","1"
"2025/04/07 21:00:00","EDT","HUD VL","61758","56.71","2.6","0","1"
"2025/04/07 21:00:00","EDT","LONGIL","61762","60.99","3.47","-3.41","1"
"2025/04/07 21:00:00","EDT","MHK VL","61756","55.52","1.4","0","1"
"2025/04/07 21:00:00","EDT","MILLWD","61759","57.14","3.03","0","1"
"2025/04/07 21:00:00","EDT","N.Y.C.","61761","61.88","3.84","-3.92","1"
"2025/04/07 21:00:00","EDT","NORTH","61755","54.28","0.16","0","1"
"2025/04/07 21:00:00","EDT","NPX","61845","55.74","1.62","0","1"
"2025/04/07 21:00:00","EDT","O H","61846","50.11","-4","0","1"
"2025/04/07 21:00:00","EDT","PJM","61847","53.85","-0.27","0","1"
"2025/04/07 21:00:00","EDT","WEST","61752","50.71","-3.41","0","1"
"2025/04/07 22:00:00","EDT","CAPITL","61757","47.77","1.48","0","1"
"2025/04/07 22:00:00","EDT","CENTRL","61754","46.05","-0.23","0","1"
"2025/04/07 22:00:00","EDT","DUNWOD","61760","49.06","2.78","0","1"
"2025/04/07 22:00:00","EDT","GENESE","61753","45.04","-1.25","0","1"
"2025/04/07 22:00:00","EDT","H Q","61844","46.1","-0.18","0","1"
"2025/04/07 22:00:00","EDT","HUD VL","61758","48.37","2.08","0","1"
"2025/04/07 22:00:00","EDT","LONGIL","61762","55.43","3.01","-6.14","1"
"2025/04/07 22:00:00","EDT","MHK VL","61756","47.39","1.11","0","1"
"2025/04/07 22:00:00","EDT","MILLWD","61759","48.69","2.41","0","1"
"2025/04/07 22:00:00","EDT","N.Y.C.","61761","51.15","3.05","-1.81","1"
"2025/04/07 22:00:00","EDT","NORTH","61755","46.61","0.33","0","1"
"2025/04/07 22:00:00","EDT","NPX","61845","47.67","1.39","0","1"
"2025/04/07 22:00:00","EDT","O H","61846","43.28","-3.01","0","1"
"2025/04/07 22:00:00","EDT","PJM","61847","46.1","-0.18","0","1"
"2025/04/07 22:00:00","EDT","WEST","61752","43.83","-2.45","0","1"
"2025/04/07 23:00:00","EDT","CAPITL","61757","45.93","1.38","0","1"
"2025/04/07 23:00:00","EDT","CENTRL","61754","44.5","-0.04","0","1"
"2025/04/07 23:00:00","EDT","DUNWOD","61760","47.04","2.49","0","1"
"2025/04/07 23:00:00","EDT","GENESE","61753","43.75","-0.8","0","1"
"2025/04/07 23:00:00","EDT","H Q","61844","44.37","-0.18","0","1"
"2025/04/07 23:00:00","EDT","HUD VL","61758","46.37","1.83","0","1"
"2025/04/07 23:00:00","EDT","LONGIL","61762","47.41","2.85","-0.01","1"
"2025/04/07 23:00:00","EDT","MHK VL","61756","45.61","1.07","0","1"
"2025/04/07 23:00:00","EDT","MILLWD","61759","46.68","2.14","0","1"
"2025/04/07 23:00:00","EDT","N.Y.C.","61761","49.01","2.72","-1.75","1"
"2025/04/07 23:00:00","EDT","NORTH","61755","44.86","0.31","0","1"
"2025/04/07 23:00:00","EDT","NPX","61845","45.75","1.2","0","1"
"2025/04/07 23:00:00","EDT","O H","61846","42.54","-2","0","1"
"2025/04/07 23:00:00","EDT","PJM","61847","44.68","0.13","0","1"
"2025/04/07 23:00:00","EDT","WEST","61752","43.12","-1.43","0","1"
"2025/04/08 00:00:00","EDT","CAPITL","61757","49.26","1.67","0","1"
"2025/04/08 00:00:00","EDT","CENTRL","61754","47.46","-0.14","0","1"
"2025/04/08 00:00:00","EDT","DUNWOD","61760","50.74","3.14","0","1"
"2025/04/08 00:00:00","EDT","GENESE","61753","46.31","-1.28","0","1"
"2025/04/08 00:00:00","EDT","H Q","61844","47.22","-0.38","0","1"
"2025/04/08 00:00:00","EDT","HUD VL","61758","50.02","2.43","0","1"
"2025/04/08 00:00:00","EDT","LONGIL","61762","51.65","4.04","-0.01","1"
"2025/04/08 00:00:00","EDT","MHK VL","61756","48.6","1","0","1"
"2025/04/08 00:00:00","EDT","MILLWD","61759","50.41","2.81","0","1"
"2025/04/08 00:00:00","EDT","N.Y.C.","61761","52.02","3.52","-0.9","1"
"2025/04/08 00:00:00","EDT","NORTH","61755","47.31","-0.28","0","1"
"2025/04/08 00:00:00","EDT","NPX","61845","49.36","1.76","0","1"
"2025/04/08 00:00:00","EDT","O H","61846","44.98","-2.62","0","1"
"2025/04/08 00:00:00","EDT","PJM","61847","48.03","0.43","0","1"
"2025/04/08 00:00:00","EDT","WEST","61752","45.64","-1.95","0","1"
"2025/04/08 01:00:00","EDT","CAPITL","61757","45.08","1.65","0","1"
"2025/04/08 01:00:00","EDT","CENTRL","61754","43.26","-0.17","0","1"
"2025/04/08 01:00:00","EDT","DUNWOD","61760","46.17","2.74","0","1"
"2025/04/08 01:00:00","EDT","GENESE","61753","42.13","-1.3","0","1"
"2025/04/08 01:00:00","EDT","H Q","61844","43.04","-0.39","0","1"
"2025/04/08 01:00:00","EDT","HUD VL","61758","45.64","2.21","0","1"
"2025/04/08 01:00:00","EDT","LONGIL","61762","46.64","3.21","0","1"
"2025/04/08 01:00:00","EDT","MHK VL","61756","44.38","0.95","0","1"
"2025/04/08 01:00:00","EDT","MILLWD","61759","45.9","2.47","0","1"
"2025/04/08 01:00:00","EDT","N.Y.C.","61761","47.89","2.95","-1.5","1"
"2025/04/08 01:00:00","EDT","NORTH","61755","43.13","-0.3","0","1"
"2025/04/08 01:00:00","EDT","NPX","61845","45.04","1.61","0","1"
"2025/04/08 01:00:00","EDT","O H","61846","40.87","-2.56","0","1"
"2025/04/08 01:00:00","EDT","PJM","61847","43.73","0.31","0","1"
"2025/04/08 01:00:00","EDT","WEST","61752","41.43","-2","0","1"
"2025/04/08 02:00:00","EDT","CAPITL","61757","43.1","1.58","0","1"
"2025/04/08 02:00:00","EDT","CENTRL","61754","41.44","-0.08","0","1"
"2025/04/08 02:00:00","EDT","DUNWOD","61760","44.06","2.53","0","1"
"2025/04/08 02:00:00","EDT","GENESE","61753","40.45","-1.08","0","1"
"2025/04/08 02:00:00","EDT","H Q","61844","41.11","-0.42","0","1"
"2025/04/08 02:00:00","EDT","HUD VL","61758","43.56","2.03","0","1"
"2025/04/08 02:00:00","EDT","LONGIL","61762","44.06","2.53","0","1"
"2025/04/08 02:00:00","EDT","MHK VL","61756","42.44","0.91","0","1"
"2025/04/08 02:00:00","EDT","MILLWD","61759","43.81","2.28","0","1"
"2025/04/08 02:00:00","EDT","N.Y.C.","61761","46.1","2.74","-1.83","1"
"2025/04/08 02:00:00","EDT","NORTH","61755","41.11","-0.42","0","1"
"2025/04/08 02:00:00","EDT","NPX","61845","43.06","1.54","0","1"
"2025/04/08 02:00:00","EDT","O H","61846","39.37","-2.16","0","1"
"2025/04/08 02:00:00","EDT","PJM","61847","41.82","0.29","0","1"
"2025/04/08 02:00:00","EDT","WEST","61752","39.91","-1.62","0","1"
"2025/04/08 03:00:00","EDT","CAPITL","61757","43.25","1.67","0","1"
"2025/04/08 03:00:00","EDT","CENTRL","61754","41.55","-0.04","0","1"
"2025/04/08 03:00:00","EDT","DUNWOD","61760","44.21","2.62","0","1"
"2025/04/08 03:00:00","EDT","GENESE","61753","40.63","-0.95","0","1"
"2025/04/08 03:00:00","EDT","H Q","61844","41.09","-0.5","0","1"
"2025/04/08 03:00:00","EDT","HUD VL","61758","43.71","2.12","0","1"
"2025/04/08 03:00:00","EDT","LONGIL","61762","44.54","2.95","0","1"
"2025/04/08 03:00:00","EDT","MHK VL","61756","42.5","0.91","0","1"
"2025/04/08 03:00:00","EDT","MILLWD","61759","44","2.41","0","1"
"2025/04/08 03:00:00","EDT","N.Y.C.","61761","46.2","2.91","-1.7","1"
"2025/04/08 03:00:00","EDT","NORTH","61755","40.92","-0.67","0","1"
"2025/04/08 03:00:00","EDT","NPX","61845","43.25","1.67","0","1"
"2025/04/08 03:00:00","EDT","O H","61846","39.51","-2.08","0","1"
"2025/04/08 03:00:00","EDT","PJM","61847","41.96","0.37","0","1"
"2025/04/08 03:00:00","EDT","WEST","61752","40.09","-1.5","0","1"
"2025/04/08 04:00:00","EDT","CAPITL","61757","43.59","1.68","0","1"
"2025/04/08 04:00:00","EDT","CENTRL","61754","41.96","0.04","0","1"
"2025/04/08 04:00:00","EDT","DUNWOD","61760","44.56","2.64","0","1"
"2025/04/08 04:00:00","EDT","GENESE","61753","41.12","-0.8","0","1"
"2025/04/08 04:00:00","EDT","H Q","61844","41.37","-0.55","0","1"
"2025/04/08 04:00:00","EDT","HUD VL","61758","44.05","2.14","0","1"
"2025/04/08 04:00:00","EDT","LONGIL","61762","44.52","2.6","0","1"
"2025/04/08 04:00:00","EDT","MHK VL","61756","42.84","0.92","0","1"
"2025/04/08 04:00:00","EDT","MILLWD","61759","44.35","2.43","0","1"
"2025/04/08 04:00:00","EDT","N.Y.C.","61761","46.4","2.85","-1.63","1"
"2025/04/08 04:00:00","EDT","NORTH","61755","41.08","-0.84","0","1"
"2025/04/08 04:00:00","EDT","NPX","61845","43.55","1.63","0","1"
"2025/04/08 04:00:00","EDT","O H","61846","40.16","-1.76","0","1"
"2025/04/08 04:00:00","EDT","PJM","61847","42.46","0.54","0","1"
"2025/04/08 04:00:00","EDT","WEST","61752","40.7","-1.22","0","1"
"2025/04/08 05:00:00","EDT","CAPITL","61757","46.23","1.9","0","1"
"2025/04/08 05:00:00","EDT","CENTRL","61754","44.46","0.13","0","1"
"2025/04/08 05:00:00","EDT","DUNWOD","61760","47.43","3.1","0","1"
"2025/04/08 05:00:00","EDT","GENESE","61753","43.44","-0.89","0","1"
"2025/04/08 05:00:00","EDT","H Q","61844","43.61","-0.71","0","1"
"2025/04/08 05:00:00","EDT","HUD VL","61758","46.81","2.48","0","1"
"2025/04/08 05:00:00","EDT","LONGIL","61762","47.83","3.5","0","1"
"2025/04/08 05:00:00","EDT","MHK VL","61756","45.43","1.11","0","1"
"2025/04/08 05:00:00","EDT","MILLWD","61759","47.12","2.79","0","1"
"2025/04/08 05:00:00","EDT","N.Y.C.","61761","48.94","3.37","-1.25","1"
"2025/04/08 05:00:00","EDT","NORTH","61755","43.13","-1.19","0","1"
"2025/04/08 05:00:00","EDT","NPX","61845","46.23","1.9","0","1"
"2025/04/08 05:00:00","EDT","O H","61846","42.11","-2.22","0","1"
"2025/04/08 05:00:00","EDT","PJM","61847","44.99","0.67","0","1"
"2025/04/08 05:00:00","EDT","WEST","61752","42.64","-1.68","0","1"
"2025/04/08 06:00:00","EDT","CAPITL","61757","60.82","2.45","0","1"
"2025/04/08 06:00:00","EDT","CENTRL","61754","58.89","0.52","0","1"
"2025/04/08 06:00:00","EDT","DUNWOD","61760","62.45","4.08","0","1"
"2025/04/08 06:00:00","EDT","GENESE","61753","57.49","-0.87","0","1"
"2025/04/08 06:00:00","EDT","H Q","61844","57.38","-0.99","0","1"
"2025/04/08 06:00:00","EDT","HUD VL","61758","61.58","3.21","0","1"
"2025/04/08 06:00:00","EDT","LONGIL","61762","61.81","3.44","0","1"
"2025/04/08 06:00:00","EDT","MHK VL","61756","61.33","1.75","-1.22","1"
"2025/04/08 06:00:00","EDT","MILLWD","61759","61.99","3.62","0","1"
"2025/04/08 06:00:00","EDT","N.Y.C.","61761","62.86","4.49","0","1"
"2025/04/08 06:00:00","EDT","NORTH","61755","49.71","-1.69","6.96","1"
"2025/04/08 06:00:00","EDT","NPX","61845","60.64","2.27","0","1"
"2025/04/08 06:00:00","EDT","O H","61846","55.68","-2.68","0","1"
"2025/04/08 06:00:00","EDT","PJM","61847","59.42","1.05","0","1"
"2025/04/08 06:00:00","EDT","WEST","61752","56.67","-1.69","0","1"
"2025/04/08 07:00:00","EDT","CAPITL","61757","68.49","2.76","0","1"
"2025/04/08 07:00:00","EDT","CENTRL","61754","66.19","0.46","0","1"
"2025/04/08 07:00:00","EDT","DUNWOD","61760","70.79","5.06","0","1"
"2025/04/08 07:00:00","EDT","GENESE","61753","64.42","-1.31","0","1"
"2025/04/08 07:00:00","EDT","H Q","61844","64.68","-1.05","0","1"
"2025/04/08 07:00:00","EDT","HUD VL","61758","69.61","3.88","0","1"
"2025/04/08 07:00:00","EDT","LONGIL","61762","70","4.27","0","1"
"2025/04/08 07:00:00","EDT","MHK VL","61756","67.7","1.97","0","1"
"2025/04/08 07:00:00","EDT","MILLWD","61759","70.26","4.53","0","1"
"2025/04/08 07:00:00","EDT","N.Y.C.","61761","71.25","5.52","0","1"
"2025/04/08 07:00:00","EDT","NORTH","61755","55.66","-1.84","8.23","1"
"2025/04/08 07:00:00","EDT","NPX","61845","68.43","2.7","0","1"
"2025/04/08 07:00:00","EDT","O H","61846","61.59","-4.14","0","1"
"2025/04/08 07:00:00","EDT","PJM","61847","66.72","0.99","0","1"
"2025/04/08 07:00:00","EDT","WEST","61752","62.64","-3.09","0","1"
"2025/04/08 08:00:00","EDT","CAPITL","61757","62.61","2.47","0","1"
"2025/04/08 08:00:00","EDT","CENTRL","61754","63.57","0.3","-3.13","1"
"2025/04/08 08:00:00","EDT","DUNWOD","61760","64.89","4.75","0","1"
"2025/04/08 08:00:00","EDT","GENESE","61753","58.87","-1.27","0","1"
"2025/04/08 08:00:00","EDT","H Q","61844","59.06","-1.08","0","1"
"2025/04/08 08:00:00","EDT","HUD VL","61758","63.75","3.61","0","1"
"2025/04/08 08:00:00","EDT","LONGIL","61762","64.05","3.91","0","1"
"2025/04/08 08:00:00","EDT","MHK VL","61756","61.82","1.68","0","1"
"2025/04/08 08:00:00","EDT","MILLWD","61759","64.41","4.27","0","1"
"2025/04/08 08:00:00","EDT","N.Y.C.","61761","70.58","5.35","-5.09","1"
"2025/04/08 08:00:00","EDT","NORTH","61755","50.67","-1.86","7.61","1"
"2025/04/08 08:00:00","EDT","NPX","61845","62.72","2.58","0","1"
"2025/04/08 08:00:00","EDT","O H","61846","49.9","-3.73","6.51","1"
"2025/04/08 08:00:00","EDT","PJM","61847","61.1","0.96","0","1"
"2025/04/08 08:00:00","EDT","WEST","61752","52.2","-2.83","5.11","1"
"2025/04/08 09:00:00","EDT","CAPITL","61757","56.63","1.91","0","1"
"2025/04/08 09:00:00","EDT","CENTRL","61754","56.76","0.33","-1.71","1"
"2025/04/08 09:00:00","EDT","DUNWOD","61760","59.15","4.43","0","1"
"2025/04/08 09:00:00","EDT","GENESE","61753","53.1","-0.77","0.85","1"
"2025/04/08 09:00:00","EDT","H Q","61844","53.73","-0.98","0","1"
"2025/04/08 09:00:00","EDT","HUD VL","61758","58","3.28","0","1"
"2025/04/08 09:00:00","EDT","LONGIL","61762","58.27","3.55","0","1"
"2025/04/08 09:00:00","EDT","MHK VL","61756","56.09","1.37","0","1"
"2025/04/08 09:00:00","EDT","MILLWD","61759","58.6","3.89","0","1"
"2025/04/08 09:00:00","EDT","N.Y.C.","61761","65.93","4.98","-6.23","1"
"2025/04/08 09:00:00","EDT","NORTH","61755","46.05","-1.64","7.02","1"
"2025/04/08 09:00:00","EDT","NPX","61845","57.01","2.3","0","1"
"2025/04/08 09:00:00","EDT","O H","61846","48.1","-2.79","3.83","1"
"2025/04/08 09:00:00","EDT","PJM","61847","55.7","0.99","0","1"
"2025/04/08 09:00:00","EDT","WEST","61752","49.54","-2.13","3.04","1"
"2025/04/08 10:00:00","EDT","CAPITL","61757","54.36","1.94","0","1"
"2025/04/08 10:00:00","EDT","CENTRL","61754","53.11","0.16","-0.53","1"
"2025/04/08 10:00:00","EDT","DUNWOD","61760","56.56","4.14","0","1"
"2025/04/08 10:00:00","EDT","GENESE","61753","51.26","-0.89","0.27","1"
"2025/04/08 10:00:00","EDT","H Q","61844","51.48","-0.94","0","1"
"2025/04/08 10:00:00","EDT","HUD VL","61758","55.51","3.09","0","1"
"2025/04/08 10:00:00","EDT","LONGIL","61762","55.57","3.15","0","1"
"2025/04/08 10:00:00","EDT","MHK VL","61756","53.78","1.36","0","1"
"2025/04/08 10:00:00","EDT","MILLWD","61759","56.09","3.67","0","1"
"2025/04/08 10:00:00","EDT","N.Y.C.","61761","63.75","4.66","-6.67","1"
"2025/04/08 10:00:00","EDT","NORTH","61755","44.82","-1.57","6.03","1"
"2025/04/08 10:00:00","EDT","NPX","61845","54.67","2.25","0","1"
"2025/04/08 10:00:00","EDT","O H","61846","48.24","-2.99","1.2","1"
"2025/04/08 10:00:00","EDT","PJM","61847","53.21","0.79","0","1"
"2025/04/08 10:00:00","EDT","WEST","61752","49.11","-2.36","0.95","1"
"2025/04/08 11:00:00","EDT","CAPITL","61757","50.3","1.7","0","1"
"2025/04/08 11:00:00","EDT","CENTRL","61754","48.89","0.29","0","1"
"2025/04/08 11:00:00","EDT","DUNWOD","61760","52.39","3.79","0","1"
"2025/04/08 11:00:00","EDT","GENESE","61753","48.16","-0.44","0","1"
"2025/04/08 11:00:00","EDT","H Q","61844","47.73","-0.87","0","1"
"2025/04/08 11:00:00","EDT","HUD VL","61758","51.32","2.72","0","1"
"2025/04/08 11:00:00","EDT","LONGIL","61762","51.76","3.16","0","1"
"2025/04/08 11:00:00","EDT","MHK VL","61756","49.76","1.16","0","1"
"2025/04/08 11:00:00","EDT","MILLWD","61759","51.95","3.35","0","1"
"2025/04/08 11:00:00","EDT","N.Y.C.","61761","60.62","4.32","-7.69","1"
"2025/04/08 11:00:00","EDT","NORTH","61755","42.02","-1.46","5.12","1"
"2025/04/08 11:00:00","EDT","NPX","61845","50.59","1.99","0","1"
"2025/04/08 11:00:00","EDT","O H","61846","46.41","-2.19","0","1"
"2025/04/08 11:00:00","EDT","PJM","61847","49.52","0.92","0","1"
"2025/04/08 11:00:00","EDT","WEST","61752","47.04","-1.56","0","1"
"2025/04/08 12:00:00","EDT","CAPITL","61757","48.35","1.68","0","1"
"2025/04/08 12:00:00","EDT","CENTRL","61754","46.77","0.09","0","1"
"2025/04/08 12:00:00","EDT","DUNWOD","61760","50.41","3.74","0","1"
"2025/04/08 12:00:00","EDT","GENESE","61753","45.88","-0.79","0","1"
"2025/04/08 12:00:00","EDT","H Q","61844","45.88","-0.79","0","1"
"2025/04/08 12:00:00","EDT","HUD VL","61758","49.38","2.71","0","1"
"2025/04/08 12:00:00","EDT","LONGIL","61762","49.33","2.66","0","1"
"2025/04/08 12:00:00","EDT","MHK VL","61756","47.84","1.17","0","1"
"2025/04/08 12:00:00","EDT","MILLWD","61759","49.94","3.27","0","1"
"2025/04/08 12:00:00","EDT","N.Y.C.","61761","59.21","4.15","-8.39","1"
"2025/04/08 12:00:00","EDT","NORTH","61755","39.89","-1.31","5.48","1"
"2025/04/08 12:00:00","EDT","NPX","61845","48.68","2.01","0","1"
"2025/04/08 12:00:00","EDT","O H","61846","43.92","-2.75","0","1"
"2025/04/08 12:00:00","EDT","PJM","61847","47.33","0.65","0","1"
"2025/04/08 12:00:00","EDT","WEST","61752","44.48","-2.19","0","1"
"2025/04/08 13:00:00","EDT","CAPITL","61757","47.28","1.47","0","1"
"2025/04/08 13:00:00","EDT","CENTRL","61754","46","0.18","0","1"
"2025/04/08 13:00:00","EDT","DUNWOD","61760","49.29","3.48","0","1"
"2025/04/08 13:00:00","EDT","GENESE","61753","45.31","-0.5","0","1"
"2025/04/08 13:00:00","EDT","H Q","61844","45.03","-0.78","0","1"
"2025/04/08 13:00:00","EDT","HUD VL","61758","48.38","2.56","0","1"
"2025/04/08 13:00:00","EDT","LONGIL","61762","48.01","2.2","0","1"
"2025/04/08 13:00:00","EDT","MHK VL","61756","46.91","1.1","0","1"
"2025/04/08 13:00:00","EDT","MILLWD","61759","48.93","3.12","0","1"
"2025/04/08 13:00:00","EDT","N.Y.C.","61761","58.25","3.89","-8.54","1"
"2025/04/08 13:00:00","EDT","NORTH","61755","39.02","-1.23","5.56","1"
"2025/04/08 13:00:00","EDT","NPX","61845","47.65","1.83","0","1"
"2025/04/08 13:00:00","EDT","O H","61846","43.62","-2.2","0","1"
"2025/04/08 13:00:00","EDT","PJM","61847","46.54","0.73","0","1"
"2025/04/08 13:00:00","EDT","WEST","61752","44.17","-1.65","0","1"
"2025/04/08 14:00:00","EDT","CAPITL","61757","45.88","1.42","0","1"
"2025/04/08 14:00:00","EDT","CENTRL","61754","44.68","0.22","0","1"
"2025/04/08 14:00:00","EDT","DUNWOD","61760","47.83","3.38","0","1"
"2025/04/08 14:00:00","EDT","GENESE","61753","44.05","-0.4","0","1"
"2025/04/08 14:00:00","EDT","H Q","61844","43.66","-0.8","0","1"
"2025/04/08 14:00:00","EDT","HUD VL","61758","46.94","2.49","0","1"
"2025/04/08 14:00:00","EDT","LONGIL","61762","46.72","2.27","0","1"
"2025/04/08 14:00:00","EDT","MHK VL","61756","45.57","1.11","0","1"
"2025/04/08 14:00:00","EDT","MILLWD","61759","47.48","3.02","0","1"
"2025/04/08 14:00:00","EDT","N.Y.C.","61761","56.59","3.78","-8.35","1"
"2025/04/08 14:00:00","EDT","NORTH","61755","37.71","-1.33","5.41","1"
"2025/04/08 14:00:00","EDT","NPX","61845","46.24","1.78","0","1"
"2025/04/08 14:00:00","EDT","O H","61846","42.59","-1.87","0","1"
"2025/04/08 14:00:00","EDT","PJM","61847","45.21","0.76","0","1"
"2025/04/08 14:00:00","EDT","WEST","61752","43.03","-1.42","0","1"
"2025/04/08 15:00:00","EDT","CAPITL","61757","48.13","1.54","0","1"
"2025/04/08 15:00:00","EDT","CENTRL","61754","46.83","0.23","0","1"
"2025/04/08 15:00:00","EDT","DUNWOD","61760","50.19","3.59","0","1"
"2025/04/08 15:00:00","EDT","GENESE","61753","46.13","-0.47","0","1"
"2025/04/08 15:00:00","EDT","H Q","61844","45.76","-0.84","0","1"
"2025/04/08 15:00:00","EDT","HUD VL","61758","49.25","2.65","0","1"
"2025/04/08 15:00:00","EDT","LONGIL","61762","49.44","2.84","0","1"
"2025/04/08 15:00:00","EDT","MHK VL","61756","47.76","1.17","0","1"
"2025/04/08 15:00:00","EDT","MILLWD","61759","49.77","3.17","0","1"
"2025/04/08 15:00:00","EDT","N.Y.C.","61761","57.69","4.01","-7.08","1"
"2025/04/08 15:00:00","EDT","NORTH","61755","39.52","-1.44","5.63","1"
"2025/04/08 15:00:00","EDT","NPX","61845","48.46","1.87","0","1"
"2025/04/08 15:00:00","EDT","O H","61846","44.55","-2.05","0","1"
"2025/04/08 15:00:00","EDT","PJM","61847","47.39","0.79","0","1"
"2025/04/08 15:00:00","EDT","WEST","61752","45.06","-1.54","0","1"
"2025/04/08 16:00:00","EDT","CAPITL","61757","51.11","1.82","0","1"
"2025/04/08 16:00:00","EDT","CENTRL","61754","49.38","0.1","0","1"
"2025/04/08 16:00:00","EDT","DUNWOD","61760","53.17","3.89","0","1"
"2025/04/08 16:00:00","EDT","GENESE","61753","48.25","-1.04","0","1"
"2025/04/08 16:00:00","EDT","H Q","61844","48.4","-0.89","0","1"
"2025/04/08 16:00:00","EDT","HUD VL","61758","52.19","2.91","0","1"
"2025/04/08 16:00:00","EDT","LONGIL","61762","52.48","3.2","0","1"
"2025/04/08 16:00:00","EDT","MHK VL","61756","50.56","1.28","0","1"
"2025/04/08 16:00:00","EDT","MILLWD","61759","52.83","3.55","0","1"
"2025/04/08 16:00:00","EDT","N.Y.C.","61761","60.21","4.38","-6.55","1"
"2025/04/08 16:00:00","EDT","NORTH","61755","41.8","-1.58","5.91","1"
"2025/04/08 16:00:00","EDT","NPX","61845","51.4","2.12","0","1"
"2025/04/08 16:00:00","EDT","O H","61846","46.42","-2.86","0","1"
"2025/04/08 16:00:00","EDT","PJM","61847","49.97","0.69","0","1"
"2025/04/08 16:00:00","EDT","WEST","61752","46.97","-2.32","0","1"
"2025/04/08 17:00:00","EDT","CAPITL","61757","58.47","2.36","0","1"
"2025/04/08 17:00:00","EDT","CENTRL","61754","56.81","0.06","-0.64","1"
"2025/04/08 17:00:00","EDT","DUNWOD","61760","60.33","4.21","0","1"
"2025/04/08 17:00:00","EDT","GENESE","61753","54.66","-1.46","0","1"
"2025/04/08 17:00:00","EDT","H Q","61844","54.87","-1.07","0.18","1"
"2025/04/08 17:00:00","EDT","HUD VL","61758","59.26","3.14","0","1"
"2025/04/08 17:00:00","EDT","LONGIL","61762","59.37","3.25","0","1"
"2025/04/08 17:00:00","EDT","MHK VL","61756","57.51","1.46","0.06","1"
"2025/04/08 17:00:00","EDT","MILLWD","61759","59.82","3.7","0","1"
"2025/04/08 17:00:00","EDT","N.Y.C.","61761","67.22","4.66","-6.45","1"
"2025/04/08 17:00:00","EDT","NORTH","61755","45.9","-1.8","8.42","1"
"2025/04/08 17:00:00","EDT","NPX","61845","58.47","2.36","0","1"
"2025/04/08 17:00:00","EDT","O H","61846","50.7","-4.09","1.32","1"
"2025/04/08 17:00:00","EDT","PJM","61847","56.4","0.28","0","1"
"2025/04/08 17:00:00","EDT","WEST","61752","51.65","-3.43","1.04","1"
"2025/04/08 18:00:00","EDT","CAPITL","61757","66.71","2.88","0","1"
"2025/04/08 18:00:00","EDT","CENTRL","61754","66.07","0.13","-2.1","1"
"2025/04/08 18:00:00","EDT","DUNWOD","61760","68.56","4.72","0","1"
"2025/04/08 18:00:00","EDT","GENESE","61753","62.24","-1.59","0","1"
"2025/04/08 18:00:00","EDT","H Q","61844","65.25","-1.15","-2.56","1"
"2025/04/08 18:00:00","EDT","HUD VL","61758","67.35","3.51","0","1"
"2025/04/08 18:00:00","EDT","LONGIL","61762","67.6","3.77","0","1"
"2025/04/08 18:00:00","EDT","MHK VL","61756","65.75","1.91","0","1"
"2025/04/08 18:00:00","EDT","MILLWD","61759","68.05","4.21","0","1"
"2025/04/08 18:00:00","EDT","N.Y.C.","61761","74.33","5.24","-5.26","1"
"2025/04/08 18:00:00","EDT","NORTH","61755","53.44","-2.05","8.36","1"
"2025/04/08 18:00:00","EDT","NPX","61845","69.08","2.68","-2.56","1"
"2025/04/08 18:00:00","EDT","O H","61846","57.05","-4.98","1.81","1"
"2025/04/08 18:00:00","EDT","PJM","61847","66.46","0.06","-2.56","1"
"2025/04/08 18:00:00","EDT","WEST","61752","56.26","-4.15","3.43","1"
"2025/04/08 19:00:00","EDT","CAPITL","61757","86.46","3.88","0","1"
"2025/04/08 19:00:00","EDT","CENTRL","61754","86.26","0","-3.68","1"
"2025/04/08 19:00:00","EDT","DUNWOD","61760","88.85","6.27","0","1"
"2025/04/08 19:00:00","EDT","GENESE","61753","80.02","-2.56","0","1"
"2025/04/08 19:00:00","EDT","H Q","61844","78.54","-1.48","2.56","1"
"2025/04/08 19:00:00","EDT","HUD VL","61758","87.37","4.79","0","1"
"2025/04/08 19:00:00","EDT","LONGIL","61762","87.95","5.36","0","1"
"2025/04/08 19:00:00","EDT","MHK VL","61756","87.19","2.89","-1.72","1"
"2025/04/08 19:00:00","EDT","MILLWD","61759","88.11","5.53","0","1"
"2025/04/08 19:00:00","EDT","N.Y.C.","61761","90.81","6.85","-1.38","1"
"2025/04/08 19:00:00","EDT","NORTH","61755","69.33","-2.48","10.78","1"
"2025/04/08 19:00:00","EDT","NPX","61845","83.41","3.39","2.56","1"
"2025/04/08 19:00:00","EDT","O H","61846","64.61","-7.77","10.21","1"
"2025/04/08 19:00:00","EDT","PJM","61847","79.69","-0.33","2.56","1"
"2025/04/08 19:00:00","EDT","WEST","61752","69.97","-6.61","6.01","1"
"2025/04/08 20:00:00","EDT","CAPITL","61757","83.92","3.23","0","1"
"2025/04/08 20:00:00","EDT","CENTRL","61754","81.25","0.57","0","1"
"2025/04/08 20:00:00","EDT","DUNWOD","61760","86.25","5.56","0","1"
"2025/04/08 20:00:00","EDT","GENESE","61753","79.63","-1.05","0","1"
"2025/04/08 20:00:00","EDT","H Q","61844","79.31","-1.37","0","1"
"2025/04/08 20:00:00","EDT","HUD VL","61758","84.96","4.27","0","1"
"2025/04/08 20:00:00","EDT","LONGIL","61762","84.96","4.27","0","1"
"2025/04/08 20:00:00","EDT","MHK VL","61756","85.19","2.82","-1.68","1"
"2025/04/08 20:00:00","EDT","MILLWD","61759","85.77","5.09","0","1"
"2025/04/08 20:00:00","EDT","N.Y.C.","61761","88.75","6.3","-1.76","1"
"2025/04/08 20:00:00","EDT","NORTH","61755","67.95","-2.17","10.56","1"
"2025/04/08 20:00:00","EDT","NPX","61845","83.67","2.99","0","1"
"2025/04/08 20:00:00","EDT","O H","61846","75.52","-5.17","0","1"
"2025/04/08 20:00:00","EDT","PJM","61847","81.09","0.41","0","1"
"2025/04/08 20:00:00","EDT","WEST","61752","76.81","-3.87","0","1"
"2025/04/08 21:00:00","EDT","CAPITL","61757","65.04","2.5","0","1"
"2025/04/08 21:00:00","EDT","CENTRL","61754","62.98","0.44","0","1"
"2025/04/08 21:00:00","EDT","DUNWOD","61760","66.54","4.01","0","1"
"2025/04/08 21:00:00","EDT","GENESE","61753","61.72","-0.81","0","1"
"2025/04/08 21:00:00","EDT","H Q","61844","61.6","-0.94","0","1"
"2025/04/08 21:00:00","EDT","HUD VL","61758","65.6","3.06","0","1"
"2025/04/08 21:00:00","EDT","LONGIL","61762","65.91","3.37","0","1"
"2025/04/08 21:00:00","EDT","MHK VL","61756","65.89","2","-1.35","1"
"2025/04/08 21:00:00","EDT","MILLWD","61759","66.1","3.56","0","1"
"2025/04/08 21:00:00","EDT","N.Y.C.","61761","72","4.44","-5.02","1"
"2025/04/08 21:00:00","EDT","NORTH","61755","53.3","-1.5","7.74","1"
"2025/04/08 21:00:00","EDT","NPX","61845","64.78","2.25","0","1"
"2025/04/08 21:00:00","EDT","O H","61846","59.16","-3.38","0","1"
"2025/04/08 21:00:00","EDT","PJM","61847","62.85","0.31","0","1"
"2025/04/08 21:00:00","EDT","WEST","61752","60.09","-2.44","0","1"
"2025/04/08 22:00:00","EDT","CAPITL","61757","58.22","2.08","0","1"
"2025/04/08 22:00:00","EDT","CENTRL","61754","56.43","0.28","0","1"
"2025/04/08 22:00:00","EDT","DUNWOD","61760","59.79","3.65","0","1"
"2025/04/08 22:00:00","EDT","GENESE","61753","55.24","-0.9","0","1"
"2025/04/08 22:00:00","EDT","H Q","61844","55.36","-0.79","0","1"
"2025/04/08 22:00:00","EDT","HUD VL","61758","58.95","2.81","0","1"
"2025/04/08 22:00:00","EDT","LONGIL","61762","59.23","3.09","0","1"
"2025/04/08 22:00:00","EDT","MHK VL","61756","59","1.63","-1.23","1"
"2025/04/08 22:00:00","EDT","MILLWD","61759","59.4","3.26","0","1"
"2025/04/08 22:00:00","EDT","N.Y.C.","61761","65.69","4.1","-5.45","1"
"2025/04/08 22:00:00","EDT","NORTH","61755","47.83","-1.29","7.03","1"
"2025/04/08 22:00:00","EDT","NPX","61845","58.16","2.02","0","1"
"2025/04/08 22:00:00","EDT","O H","61846","53.28","-2.86","0","1"
"2025/04/08 22:00:00","EDT","PJM","61847","56.54","0.4","0","1"
"2025/04/08 22:00:00","EDT","WEST","61752","54.13","-2.02","0","1"
"2025/04/08 23:00:00","EDT","CAPITL","61757","51.6","1.79","0","1"
"2025/04/08 23:00:00","EDT","CENTRL","61754","50.26","0.45","0","1"
"2025/04/08 23:00:00","EDT","DUNWOD","61760","53","3.19","0","1"
"2025/04/08 23:00:00","EDT","GENESE","61753","49.56","-0.25","0","1"
"2025/04/08 23:00:00","EDT","H Q","61844","49.11","-0.7","0","1"
"2025/04/08 23:00:00","EDT","HUD VL","61758","52.25","2.44","0","1"
"2025/04/08 23:00:00","EDT","LONGIL","61762","52.6","2.79","0","1"
"2025/04/08 23:00:00","EDT","MHK VL","61756","51.2","1.39","0","1"
"2025/04/08 23:00:00","EDT","MILLWD","61759","52.6","2.79","0","1"
"2025/04/08 23:00:00","EDT","N.Y.C.","61761","58.8","3.54","-5.45","1"
"2025/04/08 23:00:00","EDT","NORTH","61755","42.76","-1.05","6","1"
"2025/04/08 23:00:00","EDT","NPX","61845","51.45","1.64","0","1"
"2025/04/08 23:00:00","EDT","O H","61846","48.32","-1.49","0","1"
"2025/04/08 23:00:00","EDT","PJM","61847","50.61","0.79","0","1"
"2025/04/08 23:00:00","EDT","WEST","61752","49.16","-0.65","0","1"
